time,x,y
2023-12-14 06:13:05.992757,1206.7113304138184,461.0638117790222
