time,x,y
2023-12-14 06:16:13.669205,1158.1184577941895,637.2790217399597
